{"cameraMode":{"drawMode":0,"name":"Shaded","section":"Shading Mode"},"sceneLighting":true,"audioPlay":false,"sceneViewState":{"showFog":true,"showMaterialUpdate":false,"showSkybox":true,"showFlares":true,"showImageEffects":true,"showParticleSystems":true},"in2DMode":false,"pivot":{"x":0.7850652933120728,"y":1.2736419439315797,"z":-1.9962592124938965},"rotation":{"x":-0.0025705653242766859,"y":0.9920194149017334,"z":-0.12446008622646332,"w":-0.02053787186741829},"size":7.614123344421387,"orthographic":false}